{"cameraMode":{"drawMode":0,"name":"Shaded","section":"Shading Mode"},"sceneLighting":false,"audioPlay":false,"sceneViewState":{"showFog":true,"showMaterialUpdate":false,"showSkybox":true,"showFlares":true,"showImageEffects":true,"showParticleSystems":true},"in2DMode":false,"pivot":{"x":103.46400451660156,"y":12.186824798583985,"z":118.87405395507813},"rotation":{"x":-0.06371593475341797,"y":-0.3479633033275604,"z":0.02371404320001602,"w":-0.9350398778915405},"size":3.3686492443084719,"orthographic":false}