{"cameraMode":{"drawMode":0,"name":"Shaded","section":"Shading Mode"},"sceneLighting":false,"audioPlay":false,"sceneViewState":{"showFog":true,"showMaterialUpdate":true,"showSkybox":true,"showFlares":true,"showImageEffects":true,"showParticleSystems":true},"in2DMode":false,"pivot":{"x":147.4901123046875,"y":5.8224897384643559,"z":173.87998962402345},"rotation":{"x":0.27082309126853945,"y":-0.6370911002159119,"z":0.2556636333465576,"w":0.6748376488685608},"size":8.573651313781739,"orthographic":false}