{"cameraMode":{"drawMode":0,"name":"Shaded","section":"Shading Mode"},"sceneLighting":false,"audioPlay":false,"sceneViewState":{"showFog":false,"showMaterialUpdate":false,"showSkybox":true,"showFlares":false,"showImageEffects":false,"showParticleSystems":false},"in2DMode":false,"pivot":{"x":167.10169982910157,"y":40.345157623291019,"z":207.9822998046875},"rotation":{"x":-0.01296780351549387,"y":0.9729666709899902,"z":-0.05640903487801552,"w":-0.22357502579689027},"size":0.16786646842956544,"orthographic":false}