{"cameraMode":{"drawMode":0,"name":"Shaded","section":"Shading Mode"},"sceneLighting":false,"audioPlay":false,"sceneViewState":{"showFog":true,"showMaterialUpdate":false,"showSkybox":true,"showFlares":true,"showImageEffects":true,"showParticleSystems":true},"in2DMode":false,"pivot":{"x":151.32000732421876,"y":3.7799999713897707,"z":140.6999969482422},"rotation":{"x":-0.21502624452114106,"y":0.6933956146240234,"z":-0.2300473153591156,"w":-0.6481083631515503},"size":42.8746223449707,"orthographic":false}