{"cameraMode":{"drawMode":0,"name":"Shaded","section":"Shading Mode"},"sceneLighting":false,"audioPlay":false,"sceneViewState":{"showFog":true,"showMaterialUpdate":false,"showSkybox":true,"showFlares":true,"showImageEffects":true,"showParticleSystems":true},"in2DMode":false,"pivot":{"x":-2.8040428161621095,"y":9.58517074584961,"z":-3.0418548583984377},"rotation":{"x":-0.030047407373785974,"y":0.8669427037239075,"z":0.05265060067176819,"w":0.4947073757648468},"size":106.55233001708985,"orthographic":false}