{"cameraMode":{"drawMode":0,"name":"Shaded","section":"Shading Mode"},"sceneLighting":false,"audioPlay":false,"sceneViewState":{"showFog":true,"showMaterialUpdate":true,"showSkybox":true,"showFlares":true,"showImageEffects":true,"showParticleSystems":true},"in2DMode":false,"pivot":{"x":136.46531677246095,"y":31.306535720825197,"z":75.24671173095703},"rotation":{"x":-0.10568567365407944,"y":-0.3804103136062622,"z":0.043817613273859027,"w":-0.9177138209342957},"size":0.29113203287124636,"orthographic":false}