{"cameraMode":{"drawMode":0,"name":"Shaded","section":"Shading Mode"},"sceneLighting":false,"audioPlay":false,"sceneViewState":{"showFog":true,"showMaterialUpdate":true,"showSkybox":true,"showFlares":true,"showImageEffects":true,"showParticleSystems":true},"in2DMode":false,"pivot":{"x":224.3356475830078,"y":114.22491455078125,"z":98.66397857666016},"rotation":{"x":-0.4230983853340149,"y":0.42700666189193728,"z":-0.23667852580547334,"w":-0.763306200504303},"size":0.19857573509216309,"orthographic":false}