{"cameraMode":{"drawMode":0,"name":"Shaded","section":"Shading Mode"},"sceneLighting":false,"audioPlay":false,"sceneViewState":{"showFog":true,"showMaterialUpdate":true,"showSkybox":true,"showFlares":true,"showImageEffects":true,"showParticleSystems":true},"in2DMode":false,"pivot":{"x":190.27001953125,"y":52.75740051269531,"z":216.50473022460938},"rotation":{"x":0.20087330043315888,"y":-0.271312415599823,"z":0.05800042301416397,"w":0.9395081400871277},"size":255.11163330078126,"orthographic":false}