{"cameraMode":{"drawMode":0,"name":"Shaded","section":"Shading Mode"},"sceneLighting":false,"audioPlay":false,"sceneViewState":{"showFog":true,"showMaterialUpdate":false,"showSkybox":true,"showFlares":true,"showImageEffects":true,"showParticleSystems":true},"in2DMode":false,"pivot":{"x":268.42144775390627,"y":9.589944839477539,"z":258.6739501953125},"rotation":{"x":-0.028895031660795213,"y":0.9345815777778626,"z":-0.0780692920088768,"w":-0.34587225317955019},"size":39.23185729980469,"orthographic":false}