{"cameraMode":{"drawMode":0,"name":"Shaded","section":"Shading Mode"},"sceneLighting":false,"audioPlay":false,"sceneViewState":{"showFog":true,"showMaterialUpdate":false,"showSkybox":true,"showFlares":true,"showImageEffects":true,"showParticleSystems":true},"in2DMode":false,"pivot":{"x":-2.8251266479492189,"y":14.941322326660157,"z":-21.2463436126709},"rotation":{"x":0.02778352051973343,"y":-0.7557049989700317,"z":0.032125089317560199,"w":0.6535334587097168},"size":74.67044067382813,"orthographic":false}