{"cameraMode":{"drawMode":0,"name":"Shaded","section":"Shading Mode"},"sceneLighting":false,"audioPlay":false,"sceneViewState":{"showFog":true,"showMaterialUpdate":true,"showSkybox":true,"showFlares":true,"showImageEffects":true,"showParticleSystems":true},"in2DMode":false,"pivot":{"x":75.5076675415039,"y":21.721853256225587,"z":86.98072814941406},"rotation":{"x":0.06651927530765534,"y":0.8228010535240173,"z":-0.09849502146244049,"w":0.5557628870010376},"size":2.8578836917877199,"orthographic":false}