{"cameraMode":{"drawMode":0,"name":"Shaded","section":"Shading Mode"},"sceneLighting":false,"audioPlay":false,"sceneViewState":{"showFog":false,"showMaterialUpdate":false,"showSkybox":true,"showFlares":false,"showImageEffects":false,"showParticleSystems":false},"in2DMode":false,"pivot":{"x":254.67648315429688,"y":22.473278045654298,"z":300.0257873535156},"rotation":{"x":0.012415911071002484,"y":-0.2681238353252411,"z":-0.0034497107844799759,"w":-0.9632982611656189},"size":149.87091064453126,"orthographic":false}