{"cameraMode":{"drawMode":0,"name":"Shaded","section":"Shading Mode"},"sceneLighting":false,"audioPlay":false,"sceneViewState":{"showFog":false,"showMaterialUpdate":false,"showSkybox":true,"showFlares":false,"showImageEffects":false,"showParticleSystems":false},"in2DMode":false,"pivot":{"x":149.1920623779297,"y":3.08534574508667,"z":230.88768005371095},"rotation":{"x":0.14295218884944917,"y":-0.5433242917060852,"z":0.09449871629476547,"w":0.8218476176261902},"size":186.68121337890626,"orthographic":false}