{"cameraMode":{"drawMode":0,"name":"Shaded","section":"Shading Mode"},"sceneLighting":false,"audioPlay":false,"sceneViewState":{"showFog":true,"showMaterialUpdate":true,"showSkybox":true,"showFlares":true,"showImageEffects":true,"showParticleSystems":true},"in2DMode":false,"pivot":{"x":118.0113754272461,"y":9.948744773864746,"z":72.48526000976563},"rotation":{"x":-0.09033867716789246,"y":0.8987191319465637,"z":-0.22053270041942597,"w":-0.3681144416332245},"size":4.376061916351318,"orthographic":false}